,ID,Clump_Thickness,Uniformity_Cell_Size,Uniformity_Cell_Shape,Marginal_Adhesion,Single_Epithelial_Cell_Size,Bare_Nuclei,Bland_Chromatin,Normal_Nucleoli,Mitoses,Class,prediction
429,1276091,2,1,1,1,2,1,2,1,1,2,2
23,1057013,8,4,5,1,2,?,7,3,1,4,2
189,1208301,1,2,3,1,2,1,3,1,1,2,2
47,1105524,1,1,1,1,2,1,2,1,1,2,4
361,877943,3,10,3,10,6,10,5,1,4,4,2
590,1294261,4,10,8,5,4,1,10,1,1,4,4
557,1321321,5,1,1,3,2,1,1,1,1,2,2
455,1246562,10,2,2,1,2,6,1,1,2,4,2
620,1083817,3,1,1,1,2,1,2,1,1,2,4
499,1217952,4,1,1,1,2,1,2,1,1,2,4
465,1296572,10,9,8,7,6,4,7,10,3,4,2
630,1225382,6,2,3,1,2,1,1,1,1,2,2
593,1311875,5,1,2,1,2,1,1,1,1,2,4
41,1099510,10,4,3,1,3,3,6,5,2,4,4
483,474162,8,7,8,5,5,10,9,10,1,4,2
304,653777,8,3,4,9,3,10,3,3,1,4,4
677,1368267,5,1,1,1,2,1,1,1,1,2,2
426,1258556,5,3,6,1,2,1,1,1,1,2,2
520,333093,1,1,1,1,3,1,1,1,1,2,2
81,1143978,4,1,1,2,2,1,2,1,1,2,2
445,827627,2,1,1,1,2,1,1,1,1,2,2
570,1344121,8,10,4,4,8,10,8,2,1,4,2
638,1277792,4,1,1,1,2,1,1,1,1,2,2
101,1167439,2,3,4,4,2,5,2,5,1,4,4
65,1116998,10,4,2,1,3,2,4,3,10,4,4
118,1173514,1,1,1,1,4,3,1,1,1,2,2
539,1145420,6,1,1,1,2,1,2,1,1,2,2
59,1113906,9,5,5,2,2,2,5,1,1,4,2
680,1369821,10,10,10,10,5,10,10,10,7,4,4
57,1113038,8,2,4,1,5,1,5,4,4,4,4
19,1050718,6,1,1,1,2,1,3,1,1,2,2
328,760001,8,10,3,2,6,4,3,10,1,4,2
60,1115282,5,3,5,5,3,3,4,10,1,4,4
173,1200847,6,10,10,10,8,10,10,10,7,4,4
134,1180831,3,1,1,1,3,1,2,1,1,2,2
56,1112209,8,10,10,1,3,6,3,9,1,4,4
378,657753,3,1,1,4,3,1,2,2,1,2,2
248,167528,4,1,1,1,2,1,3,6,1,2,2
180,1203096,1,1,1,1,1,1,3,1,1,2,4
293,601265,10,4,4,6,2,10,2,3,1,4,4
245,1287775,5,1,1,2,2,2,3,1,1,2,4
117,1173509,4,5,5,10,4,10,7,5,8,4,2
365,897172,2,1,1,1,2,1,2,1,1,2,2
161,1197080,4,1,1,1,2,1,3,2,1,2,4
506,1286943,8,10,10,10,7,5,4,8,7,4,2
607,411453,1,1,1,1,2,1,1,1,1,2,2
651,1323477,1,2,1,3,2,1,2,1,1,2,2
618,1061990,4,1,1,1,2,1,2,1,1,2,2
66,1117152,4,1,1,1,2,1,3,1,1,2,4
648,1315807,5,10,10,10,10,2,10,10,10,4,2
355,857774,4,1,1,1,3,1,2,2,1,2,2
603,1352663,5,4,6,8,4,1,8,10,1,4,2
274,431495,3,1,1,1,2,1,3,2,1,2,4
657,1333877,5,4,5,1,8,1,3,6,1,2,2
159,1196295,9,9,10,3,6,10,7,10,6,4,2
459,1267898,5,1,3,1,2,1,1,1,1,2,2
35,1079304,2,1,1,1,2,1,2,1,1,2,4
563,1328755,3,1,1,1,2,1,2,1,1,2,2
92,1157734,4,1,1,1,2,1,3,1,1,2,2
172,1200772,1,1,1,1,2,1,2,1,1,2,2
473,1269574,4,1,1,1,2,1,1,1,1,2,4
277,452264,1,1,1,1,2,1,2,1,1,2,4
257,1182404,3,1,1,1,2,1,2,1,1,2,2
350,836433,5,1,1,3,2,1,1,1,1,2,2
544,1186936,2,1,3,2,2,1,2,1,1,2,2
412,1238633,10,10,10,6,8,4,8,5,1,4,4
460,1268313,5,1,1,3,2,1,1,1,1,2,2
69,1121732,1,1,1,1,2,1,3,2,1,2,4
597,1333063,5,1,3,1,2,1,3,1,1,2,4
392,1156017,3,1,1,1,2,1,2,1,1,2,2
13,1043999,1,1,1,1,2,3,3,1,1,2,2
104,1168736,10,10,10,10,10,1,8,8,8,4,4
546,1222464,6,10,10,10,4,10,7,10,1,4,2
432,1277629,5,1,1,1,2,1,2,2,1,2,2
314,704097,1,1,1,1,1,1,2,1,1,2,4
496,1181567,1,1,1,1,1,1,1,1,1,2,2
661,1339781,4,1,1,1,2,1,3,1,1,2,2
487,1073960,10,10,10,10,6,10,8,1,5,4,2
261,263538,5,10,10,6,10,10,10,6,5,4,2
655,1326892,3,1,1,1,2,1,2,1,1,2,2
351,837082,2,1,1,1,2,1,3,1,1,2,2
547,1240603,2,1,1,1,1,1,1,1,1,2,2
307,666942,1,1,1,1,2,1,3,1,1,2,4
201,1216694,10,8,8,4,10,10,8,1,1,4,2
85,1147748,5,10,6,1,10,4,4,10,10,4,4
550,1287971,3,1,1,1,2,1,2,1,1,2,4
119,1173681,3,2,1,1,2,2,3,1,1,2,2
368,342245,1,1,3,1,2,1,1,1,1,2,2
373,521441,5,1,1,2,2,1,2,1,1,2,2
111,1171845,8,6,4,3,5,9,3,1,1,4,4
670,1352848,3,10,7,8,5,8,7,4,1,4,2
598,1333495,3,1,1,1,2,1,2,1,1,2,2
255,1168736,5,6,6,2,4,10,3,6,1,4,4
333,785208,5,4,6,6,4,10,4,3,1,4,2
242,1277018,2,1,1,1,2,1,3,1,1,2,2
139,1183246,1,1,1,1,1,?,2,1,1,2,4
573,324382,1,1,1,1,2,1,2,1,1,2,4
68,1120559,8,3,8,3,4,9,8,9,8,4,2
519,1330439,4,7,8,3,4,10,9,1,1,4,2
372,493452,4,1,2,1,2,1,2,1,1,2,4
34,1075123,3,1,2,1,2,1,2,1,1,2,2
388,1114570,2,1,1,1,2,1,2,2,1,2,2
559,1321931,5,1,1,1,2,1,2,1,1,2,4
434,1293439,6,9,7,5,5,8,4,2,1,2,4
375,636437,1,1,1,1,2,1,1,1,1,2,2
535,1061990,1,1,3,2,2,1,3,1,1,2,2
634,1257366,3,1,1,1,2,1,1,1,1,2,2
341,810104,1,1,1,1,2,1,3,1,1,2,2
406,1231853,4,2,2,1,2,1,2,1,1,2,4
660,1339781,1,1,1,1,2,1,2,1,1,2,2
120,1174057,1,1,2,2,2,1,3,1,1,2,4
273,428903,7,2,4,1,3,4,3,3,1,4,4
0,1000025,5,1,1,1,2,1,3,1,1,2,2
195,1212422,4,1,1,1,2,1,3,1,1,2,4
132,1180194,5,10,8,10,8,10,3,6,3,4,2
107,1170420,1,6,8,10,8,10,5,7,1,4,4
17,1049815,4,1,1,1,2,1,3,1,1,2,2
16,1048672,4,1,1,1,2,1,2,1,1,2,2
233,1232225,10,4,5,5,5,10,4,1,1,4,2
409,1237674,3,1,2,1,2,1,2,1,1,2,2
82,1143978,5,2,1,1,2,1,3,1,1,2,4
349,832567,4,2,3,5,3,8,7,6,1,4,2
148,1187457,3,1,1,3,8,1,5,8,1,2,4
525,769612,3,1,1,2,2,1,1,1,1,2,2
533,1043068,3,1,1,1,2,1,2,1,1,2,2
433,1293439,3,2,2,3,2,1,1,1,1,2,2
337,798429,1,1,1,1,2,1,3,1,1,2,2
45,1103722,1,1,1,1,2,1,2,1,2,2,2
181,1204242,1,1,1,1,2,1,1,1,1,2,4
541,1171578,3,1,1,1,2,1,1,1,1,2,2
331,764974,5,1,1,1,2,1,3,1,2,2,2
11,1036172,2,1,1,1,2,1,2,1,1,2,2
88,1152331,4,1,1,1,2,1,3,1,1,2,2
363,888523,4,4,4,2,2,3,2,1,1,2,2
360,877291,6,10,10,10,10,10,8,10,10,4,2
394,1158405,1,2,3,1,2,1,2,1,1,2,2
262,274137,8,8,9,4,5,10,7,8,1,4,4
560,1321942,5,1,1,1,2,1,3,1,1,2,2
425,1258549,9,10,10,10,10,10,10,10,1,4,4
121,1174057,4,2,1,1,2,2,3,1,1,2,4
49,1106829,7,8,7,2,4,8,3,8,2,4,4
305,659642,10,8,4,4,4,10,3,10,4,4,2
335,792744,1,1,1,1,2,1,1,1,1,2,4
430,1276091,1,3,1,1,2,1,2,2,1,2,2
449,1193544,5,7,9,8,6,10,8,10,1,4,2
310,684955,2,1,1,1,3,1,2,1,1,2,2
396,1176187,3,1,1,1,2,1,3,1,1,2,2
632,1238777,1,1,1,1,2,1,1,1,1,2,4
329,760239,10,4,6,4,5,10,7,1,1,4,2
116,1173347,8,3,3,1,2,2,3,2,1,2,2
486,1070522,3,1,1,1,1,1,2,1,1,2,2
457,1259008,8,8,9,6,6,3,10,10,1,4,2
241,1276091,3,1,1,3,1,1,3,1,1,2,2
312,691628,8,6,4,10,10,1,3,5,1,4,4
323,733823,5,4,6,10,2,10,4,1,1,4,2
207,1218860,1,1,1,1,1,1,3,1,1,2,4
435,1294562,10,8,10,1,3,10,5,1,1,4,2
596,1325309,4,1,2,1,2,1,2,1,1,2,4
62,1116116,9,10,10,1,10,8,3,3,1,4,2
422,1257648,4,3,3,1,2,1,3,3,1,2,2
223,1226612,7,5,6,3,3,8,7,4,1,4,4
135,1181356,5,1,1,1,2,2,3,3,1,2,2
642,1290203,3,1,1,1,2,1,2,1,1,2,4
417,1239967,1,1,1,1,2,1,2,1,1,2,2
567,1334071,4,1,1,1,2,3,2,1,1,2,4
247,145447,8,4,4,1,2,9,3,3,1,4,4
646,1311033,1,2,2,1,2,1,1,1,1,2,2
259,242970,5,7,7,1,5,8,3,4,1,2,4
90,1156272,1,1,1,1,2,1,3,1,1,2,2
552,1299924,3,2,2,2,2,1,4,2,1,2,2
29,1070935,1,1,3,1,2,1,1,1,1,2,2
631,1235807,5,1,1,1,2,1,2,1,1,2,2
358,866325,8,10,5,3,8,4,4,10,3,4,2
224,1227210,10,5,5,6,3,10,7,9,2,4,4
673,1354840,5,3,2,1,3,1,1,1,1,2,2
576,690557,5,1,1,1,2,1,2,1,1,2,4
185,1206089,2,1,1,1,1,1,3,1,1,2,4
419,1253505,2,3,1,1,5,1,1,1,1,2,4
504,1268766,1,1,1,1,2,1,1,1,1,2,4
318,718641,1,1,1,1,5,1,3,1,1,2,2
160,1196915,10,7,7,4,5,10,5,7,2,4,4
537,1116192,5,1,2,1,2,1,3,1,1,2,2
614,1031608,2,1,1,1,1,1,2,1,1,2,2
103,1168359,8,2,3,1,6,3,7,1,1,4,4
679,1368882,2,1,1,1,2,1,1,1,1,2,2
347,831268,1,1,1,1,1,1,1,3,1,2,4
345,826923,1,1,1,1,2,1,1,1,1,2,4
165,1197979,4,1,1,1,2,2,3,2,1,2,2
268,324427,10,8,8,2,3,4,8,7,8,4,2
80,1137156,2,2,2,1,1,1,7,1,1,2,2
334,785615,8,6,7,3,3,10,3,4,2,4,4
408,1236837,2,3,2,2,2,2,3,1,1,2,2
3,1016277,6,8,8,1,3,4,3,7,1,2,4
285,527363,8,10,10,10,8,10,10,7,3,4,4
9,1033078,4,2,1,1,2,1,2,1,1,2,2
522,412300,10,4,5,4,3,5,7,3,1,4,2
400,1211265,3,10,8,7,6,9,9,3,8,4,4
353,850831,2,7,10,10,7,10,4,9,4,4,4
611,803531,5,10,10,10,5,2,8,5,1,4,2
179,1202812,5,3,3,3,6,10,3,1,1,4,2
377,654244,1,1,1,1,1,1,2,1,1,2,4
383,1022257,2,1,1,1,2,1,1,1,1,2,2
218,1223793,6,10,7,7,6,4,8,10,2,4,4
428,1272039,1,1,1,1,2,1,2,1,1,2,2
306,666090,1,1,1,1,2,1,3,1,1,2,4
615,1041043,4,1,3,1,2,1,2,1,1,2,2
617,1057067,1,1,1,1,1,?,1,1,1,2,4
197,1213383,5,1,1,4,2,1,3,1,1,2,2
40,1096800,6,6,6,9,6,?,7,8,1,2,4
556,1321264,5,2,2,2,1,1,2,1,1,2,4
5,1017122,8,10,10,8,7,10,9,7,1,4,4
592,1298484,10,3,4,5,3,10,4,1,1,4,2
214,1222047,10,10,10,10,3,10,10,6,1,4,2
669,1350423,5,10,10,8,5,5,7,10,1,4,2
352,846832,3,4,5,3,7,3,4,6,1,2,4
38,1084584,5,4,4,9,2,10,5,6,1,4,4
286,529329,10,10,10,10,10,10,4,10,10,4,2
582,1107684,6,10,5,5,4,10,6,10,1,4,2
649,1318671,3,1,1,1,2,1,2,1,1,2,2
566,1333104,3,1,2,1,2,1,3,1,1,2,4
346,830690,5,2,2,2,3,1,1,3,1,2,4
162,1197270,3,1,1,1,2,1,3,1,1,2,2
67,1118039,5,3,4,1,8,10,4,9,1,4,2
124,1175937,5,4,6,7,9,7,8,10,1,4,4
39,1091262,2,5,3,3,6,7,7,5,1,4,4
4,1017023,4,1,1,3,2,1,3,1,1,2,2
33,1074610,2,1,1,2,2,1,3,1,1,2,2
654,1325159,3,1,1,1,2,1,3,1,1,2,4
147,1185610,1,1,1,1,3,2,2,1,1,2,4
414,1238948,8,5,6,2,3,10,6,6,1,4,2
528,807657,6,1,3,2,2,1,1,1,1,2,2
605,352431,10,5,10,3,5,8,7,8,3,4,4
545,1197527,5,1,1,1,2,1,2,1,1,2,2
399,1206314,1,2,3,1,2,1,1,1,1,2,4
676,1365328,1,1,2,1,2,1,2,1,1,2,2
555,1313982,4,3,1,1,2,1,4,8,1,2,4
31,1071760,2,1,1,1,2,1,3,1,1,2,4
236,1241559,10,8,8,2,8,10,4,8,10,4,2
382,1002504,3,2,2,2,2,1,3,2,1,2,2
448,1182404,1,1,1,1,1,1,1,1,1,2,2
667,1348851,3,1,1,1,2,1,3,1,1,2,2
95,1164066,1,1,1,1,2,1,3,1,1,2,2
339,806423,8,5,5,5,2,10,4,3,1,4,4
531,867392,4,2,2,1,2,1,2,1,1,2,4
187,1206841,10,5,6,10,6,10,7,7,10,4,2
494,1155967,5,1,2,10,4,5,2,1,1,2,2
146,1185609,3,4,5,2,6,8,4,1,1,4,2
289,555977,5,6,6,8,6,10,4,10,4,4,2
74,1126417,10,6,4,1,3,4,3,2,3,4,2
299,63375,9,1,2,6,4,10,7,7,2,4,2
404,1223543,1,2,1,3,2,1,1,2,1,2,2
61,1115293,1,1,1,1,2,2,2,1,1,2,4
385,1071084,3,3,2,2,3,1,1,2,3,2,2
301,636130,1,1,1,1,2,1,3,1,1,2,2
76,1132347,1,1,4,1,2,1,2,1,1,2,2
523,672113,7,5,6,10,4,10,5,3,1,4,2
395,1168278,3,1,1,1,2,1,2,1,1,2,2
186,1206695,1,5,8,6,5,8,7,10,1,4,2
364,896404,2,1,1,1,2,1,3,1,1,2,2
622,1140597,7,1,2,3,2,1,2,1,1,2,2
260,255644,10,5,8,10,3,10,5,1,3,4,4
437,527337,4,1,1,1,2,1,1,1,1,2,2
200,1214966,9,7,7,5,5,10,7,8,3,4,4
650,1319609,3,1,1,2,3,4,1,1,1,2,2
78,1133136,3,1,1,1,2,3,3,1,1,2,2
484,787451,5,1,2,1,2,1,1,1,1,2,2
42,1100524,6,10,10,2,8,10,7,3,3,4,4
133,1180523,3,1,1,1,2,1,2,2,1,2,2
438,558538,4,1,3,3,2,1,1,1,1,2,4
554,1313658,3,1,1,1,2,1,1,1,1,2,4
250,183913,1,2,2,1,2,1,1,1,1,2,2
446,1049837,1,1,1,1,2,1,1,1,1,2,2
362,888169,3,2,2,1,4,3,2,1,1,2,2
472,1257608,6,1,1,1,1,1,1,1,1,2,4
192,1212232,5,1,1,1,2,1,2,1,1,2,2
423,1257815,5,1,3,1,2,1,2,1,1,2,2
343,814911,1,1,1,1,2,1,1,1,1,2,4
602,1350568,4,1,1,1,2,1,2,1,1,2,2
510,1298360,1,1,1,1,2,1,1,1,1,2,2
463,1280258,4,1,1,1,2,1,1,2,1,2,2
458,1266124,5,1,2,1,2,1,1,1,1,2,2
157,1193210,2,1,1,1,2,1,3,1,1,2,2
464,1293966,4,1,1,1,2,1,1,1,1,2,4
427,1266154,8,7,8,2,4,2,5,10,1,4,2
656,1330361,5,1,1,1,2,1,2,1,1,2,2
512,1299994,5,1,1,1,2,1,1,1,1,2,2
102,1167471,4,1,2,1,2,1,3,1,1,2,4
52,1110102,10,3,6,2,3,5,4,10,2,4,4
443,734111,1,1,1,1,2,2,1,1,1,2,2
664,1345593,3,1,1,3,2,1,2,1,1,2,4
511,1299924,5,1,1,1,2,1,2,1,1,2,2
97,1165790,5,1,1,1,2,1,3,1,1,2,4
421,1257200,10,10,10,7,10,10,8,2,1,4,4
128,1177399,8,3,5,4,5,10,1,6,2,4,2
177,1201936,5,10,10,3,8,1,5,10,3,4,4
110,1171795,1,3,1,2,2,2,5,3,2,2,4
507,1295508,1,1,1,1,2,4,1,1,1,2,4
415,1239232,3,3,2,6,3,3,3,5,1,2,2
311,688033,1,1,1,1,2,1,1,1,1,2,2
495,1170945,3,1,1,1,1,1,2,1,1,2,2
142,1183983,9,5,5,4,4,5,4,3,3,4,4
585,1239420,1,1,1,1,2,1,1,1,1,2,2
6,1018099,1,1,1,1,2,10,3,1,1,2,2
267,320675,3,3,5,2,3,10,7,1,1,4,2
527,798429,4,1,1,1,2,1,3,1,1,2,2
237,1241679,9,8,8,5,6,2,4,10,4,4,2
565,1331412,5,7,10,10,5,10,10,10,1,4,2
58,1113483,5,2,3,1,6,10,5,1,1,4,4
232,1231706,8,4,6,3,3,1,4,3,1,2,4
623,1149548,1,1,1,1,2,1,1,1,1,2,2
558,1321348,2,1,1,1,2,1,2,1,1,2,2
203,1217051,5,1,1,1,2,1,3,1,1,2,2
447,1058849,5,1,1,1,2,1,1,1,1,2,2
284,508234,7,4,5,10,2,10,3,8,2,4,4
479,1299161,4,8,7,10,4,10,7,5,1,4,2
2,1015425,3,1,1,1,2,2,3,1,1,2,2
371,493452,1,1,3,1,2,1,1,1,1,2,2
217,1223426,1,1,1,1,2,1,3,1,1,2,4
46,1105257,3,7,7,4,4,9,4,8,1,4,2
225,1227244,1,1,1,1,2,1,2,1,1,2,4
18,1050670,10,7,7,6,4,10,4,1,2,4,4
168,1198641,3,1,1,1,2,1,3,1,1,2,4
474,1277145,5,1,1,1,2,1,1,1,1,2,4
292,563649,8,8,8,1,2,?,6,10,1,4,4
482,1318169,9,10,10,10,10,5,10,10,10,4,2
568,1343068,8,4,4,1,6,10,2,5,2,4,2
652,1324572,5,1,1,1,2,1,2,2,1,2,4
283,492268,10,4,6,1,2,10,5,3,1,4,4
524,749653,3,1,1,1,2,1,2,1,1,2,2
509,1297522,2,1,1,1,2,1,1,1,1,2,2
354,855524,1,1,1,1,2,1,2,1,1,2,2
93,1158247,1,1,1,1,2,1,2,1,1,2,2
213,1221863,10,10,10,10,7,10,7,10,4,4,2
258,1198641,3,1,1,1,2,1,3,1,1,2,4
291,561477,1,1,1,1,2,1,3,1,1,2,2
402,1223003,5,3,3,1,2,1,2,1,1,2,2
106,1170419,10,10,10,8,2,10,4,1,1,4,2
115,1173347,1,1,1,1,2,5,1,1,1,2,4
452,1227081,3,1,1,3,2,1,1,1,1,2,4
678,1368273,1,1,1,1,2,1,1,1,1,2,2
386,1080233,7,6,6,3,2,10,7,1,1,4,4
36,1080185,10,10,10,8,6,1,8,9,1,4,2
480,1301945,5,1,1,1,1,1,1,1,1,2,2
374,560680,3,1,2,1,2,1,2,1,1,2,2
204,1217264,1,1,1,1,2,1,3,1,1,2,4
244,1285531,1,1,1,1,2,1,3,1,1,2,4
221,1225799,10,6,4,3,10,10,9,10,1,4,4
246,144888,8,10,10,8,5,10,7,8,1,4,4
410,1238021,1,1,1,1,2,1,2,1,1,2,4
440,608157,10,4,3,10,4,10,10,1,1,4,4
481,1302428,5,3,2,4,2,1,1,1,1,2,2
249,169356,3,1,1,1,2,?,3,1,1,2,2
122,1174131,10,10,10,2,10,10,5,3,3,4,4
578,695219,1,1,1,1,2,1,2,1,1,2,2
164,1197510,5,1,1,1,2,?,3,1,1,2,2
663,1345452,1,1,3,1,2,1,2,1,1,2,2
551,1289391,1,1,1,1,2,1,3,1,1,2,2
640,1285722,4,1,1,3,2,1,1,1,1,2,2
239,1243256,10,4,3,2,3,10,5,3,2,4,4
83,1147044,3,1,1,1,2,2,7,1,1,2,4
436,1295186,10,10,10,1,6,1,2,8,1,4,2
295,606722,5,5,7,8,6,10,7,4,1,4,2
574,378275,10,9,7,3,4,2,7,7,1,4,2
70,1121919,5,1,3,1,2,1,2,1,1,2,2
411,1238464,1,1,1,1,1,?,2,1,1,2,2
379,685977,5,3,4,1,4,1,3,1,1,2,2
98,1165926,9,6,9,2,10,6,2,9,10,4,4
397,1196263,4,1,1,1,2,1,1,1,1,2,4
628,1213273,2,1,1,1,2,1,1,1,1,2,2
359,873549,10,3,5,4,3,7,3,5,3,4,2
30,1070935,3,1,1,1,1,1,2,1,1,2,2
340,809912,10,3,3,1,2,10,7,6,1,4,2
467,1299596,6,6,6,5,4,10,7,6,2,4,4
127,1177027,3,1,1,1,2,1,3,1,1,2,2
584,1217717,5,1,1,6,3,1,1,1,1,2,2
1,1002945,5,4,4,5,7,10,3,2,1,2,4
674,1355260,1,1,1,1,2,1,2,1,1,2,2
27,1066979,5,1,1,1,2,1,2,1,1,2,2
89,1155546,2,1,1,2,3,1,2,1,1,2,2
308,667204,7,8,7,6,4,3,8,8,4,4,2
73,1125035,9,4,5,10,6,10,4,8,1,4,2
184,1205579,8,7,6,4,4,10,5,1,1,4,4
171,1199983,1,1,1,1,2,1,3,1,1,2,4
453,1230994,4,5,5,8,6,10,10,7,1,4,2
538,1135090,4,1,1,1,2,1,2,1,1,2,2
516,1320077,1,1,1,1,1,1,1,1,1,2,2
529,8233704,4,1,1,1,1,1,2,1,1,2,2
91,1156948,3,1,1,2,2,1,1,1,1,2,2
441,677910,5,2,2,4,2,4,1,1,1,2,4
370,492561,4,3,2,1,3,1,2,1,1,2,2
594,1315506,4,8,6,3,4,10,7,1,1,4,2
125,1176406,1,1,1,1,2,1,2,1,1,2,2
662,13454352,1,1,3,1,2,1,2,1,1,2,2
315,704168,4,6,5,6,7,?,4,9,1,2,4
376,640712,1,1,1,1,2,1,2,1,1,2,2
12,1041801,5,3,3,3,2,3,4,4,1,4,4
589,1272166,5,1,1,1,2,1,1,1,1,2,4
442,734111,1,1,1,3,2,3,1,1,1,2,4
682,1371920,5,1,1,1,2,1,3,2,1,2,4
493,1142706,5,10,10,10,6,10,6,5,2,4,2
238,1242364,8,10,10,8,6,9,3,10,10,4,2
114,1173235,3,3,2,1,2,3,3,1,1,2,2
543,1184586,4,1,1,1,2,1,2,1,1,2,2
309,673637,3,1,1,1,2,5,5,1,1,2,4
143,1184184,1,1,1,1,2,5,1,1,1,2,2
439,566509,5,1,1,1,2,1,1,1,1,2,2
14,1044572,8,7,5,10,7,9,5,5,4,4,4
643,1294413,1,1,1,1,2,1,1,1,1,2,2
54,1110524,10,5,5,6,8,8,7,1,1,4,4
